"comp_name";"Industry";"Symbol";"yf_sym"
"360_ONE_WAM_Ltd";"Financial Services";"360ONE";"360ONE.ns"
"3M_India_Ltd";"Diversified";"3MINDIA";"3MINDIA.ns"
"ABB_India_Ltd";"Capital Goods";"ABB";"ABB.ns"
"ACC_Ltd";"Construction Materials";"ACC";"ACC.ns"
"AIA_Engineering_Ltd";"Capital Goods";"AIAENG";"AIAENG.ns"
"APL_Apollo_Tubes_Ltd";"Capital Goods";"APLAPOLLO";"APLAPOLLO.ns"
"AU_Small_Finance_Bank_Ltd";"Financial Services";"AUBANK";"AUBANK.ns"
"Aadhar_Housing_Finance_Ltd";"Financial Services";"AADHARHFC";"AADHARHFC.ns"
"Aarti_Industries_Ltd";"Chemicals";"AARTIIND";"AARTIIND.ns"
"Aavas_Financiers_Ltd";"Financial Services";"AAVAS";"AAVAS.ns"
"Abbott_India_Ltd";"Healthcare";"ABBOTINDIA";"ABBOTINDIA.ns"
"Action_Construction_Equipment_Ltd";"Capital Goods";"ACE";"ACE.ns"
"Adani_Energy_Solutions_Ltd";"Power";"ADANIENSOL";"ADANIENSOL.ns"
"Adani_Enterprises_Ltd";"Metals & Mining";"ADANIENT";"ADANIENT.ns"
"Adani_Green_Energy_Ltd";"Power";"ADANIGREEN";"ADANIGREEN.ns"
"Adani_Ports_and_Special_Economic_Zone_Ltd";"Services";"ADANIPORTS";"ADANIPORTS.ns"
"Adani_Power_Ltd";"Power";"ADANIPOWER";"ADANIPOWER.ns"
"Adani_Total_Gas_Ltd";"Oil Gas & Consumable Fuels";"ATGL";"ATGL.ns"
"Adani_Wilmar_Ltd";"Fast Moving Consumer Goods";"AWL";"AWL.ns"
"Aditya_Birla_Capital_Ltd";"Financial Services";"ABCAPITAL";"ABCAPITAL.ns"
"Aditya_Birla_Fashion_and_Retail_Ltd";"Consumer Services";"ABFRL";"ABFRL.ns"
"Aditya_Birla_Real_Estate_Ltd";"Forest Materials";"ABREL";"ABREL.ns"
"Aditya_Birla_Sun_Life_AMC_Ltd";"Financial Services";"ABSLAMC";"ABSLAMC.ns"
"Aegis_Logistics_Ltd";"Oil Gas & Consumable Fuels";"AEGISLOG";"AEGISLOG.ns"
"Affle_(India)_Ltd";"Information Technology";"AFFLE";"AFFLE.ns"
"Ajanta_Pharmaceuticals_Ltd";"Healthcare";"AJANTPHARM";"AJANTPHARM.ns"
"Akums_Drugs_and_Pharmaceuticals_Ltd";"Healthcare";"AKUMS";"AKUMS.ns"
"Alembic_Pharmaceuticals_Ltd";"Healthcare";"APLLTD";"APLLTD.ns"
"Alkem_Laboratories_Ltd";"Healthcare";"ALKEM";"ALKEM.ns"
"Alkyl_Amines_Chemicals_Ltd";"Chemicals";"ALKYLAMINE";"ALKYLAMINE.ns"
"Alok_Industries_Ltd";"Textiles";"ALOKINDS";"ALOKINDS.ns"
"Amara_Raja_Energy_&_Mobility_Ltd";"Automobile and Auto Components";"ARE&M";"ARE&M.ns"
"Amber_Enterprises_India_Ltd";"Consumer Durables";"AMBER";"AMBER.ns"
"Ambuja_Cements_Ltd";"Construction Materials";"AMBUJACEM";"AMBUJACEM.ns"
"Anand_Rathi_Wealth_Ltd";"Financial Services";"ANANDRATHI";"ANANDRATHI.ns"
"Anant_Raj_Ltd";"Realty";"ANANTRAJ";"ANANTRAJ.ns"
"Angel_One_Ltd";"Financial Services";"ANGELONE";"ANGELONE.ns"
"Apar_Industries_Ltd";"Capital Goods";"APARINDS";"APARINDS.ns"
"Apollo_Hospitals_Enterprise_Ltd";"Healthcare";"APOLLOHOSP";"APOLLOHOSP.ns"
"Apollo_Tyres_Ltd";"Automobile and Auto Components";"APOLLOTYRE";"APOLLOTYRE.ns"
"Aptus_Value_Housing_Finance_India_Ltd";"Financial Services";"APTUS";"APTUS.ns"
"Archean_Chemical_Industries_Ltd";"Chemicals";"ACI";"ACI.ns"
"Asahi_India_Glass_Ltd";"Automobile and Auto Components";"ASAHIINDIA";"ASAHIINDIA.ns"
"Ashok_Leyland_Ltd";"Capital Goods";"ASHOKLEY";"ASHOKLEY.ns"
"Asian_Paints_Ltd";"Consumer Durables";"ASIANPAINT";"ASIANPAINT.ns"
"Aster_DM_Healthcare_Ltd";"Healthcare";"ASTERDM";"ASTERDM.ns"
"AstraZenca_Pharma_India_Ltd";"Healthcare";"ASTRAZEN";"ASTRAZEN.ns"
"Astral_Ltd";"Capital Goods";"ASTRAL";"ASTRAL.ns"
"Atul_Ltd";"Chemicals";"ATUL";"ATUL.ns"
"Aurobindo_Pharma_Ltd";"Healthcare";"AUROPHARMA";"AUROPHARMA.ns"
"Avanti_Feeds_Ltd";"Fast Moving Consumer Goods";"AVANTIFEED";"AVANTIFEED.ns"
"Avenue_Supermarts_Ltd";"Consumer Services";"DMART";"DMART.ns"
"Axis_Bank_Ltd";"Financial Services";"AXISBANK";"AXISBANK.ns"
"BASF_India_Ltd";"Chemicals";"BASF";"BASF.ns"
"BEML_Ltd";"Capital Goods";"BEML";"BEML.ns"
"BLS_International_Services_Ltd";"Consumer Services";"BLS";"BLS.ns"
"BSE_Ltd";"Financial Services";"BSE";"BSE.ns"
"Bajaj_Auto_Ltd";"Automobile and Auto Components";"BAJAJ-AUTO";"BAJAJ-AUTO.ns"
"Bajaj_Finance_Ltd";"Financial Services";"BAJFINANCE";"BAJFINANCE.ns"
"Bajaj_Finserv_Ltd";"Financial Services";"BAJAJFINSV";"BAJAJFINSV.ns"
"Bajaj_Holdings_&_Investment_Ltd";"Financial Services";"BAJAJHLDNG";"BAJAJHLDNG.ns"
"Balaji_Amines_Ltd";"Chemicals";"BALAMINES";"BALAMINES.ns"
"Balkrishna_Industries_Ltd";"Automobile and Auto Components";"BALKRISIND";"BALKRISIND.ns"
"Balrampur_Chini_Mills_Ltd";"Fast Moving Consumer Goods";"BALRAMCHIN";"BALRAMCHIN.ns"
"Bandhan_Bank_Ltd";"Financial Services";"BANDHANBNK";"BANDHANBNK.ns"
"Bank_of_Baroda";"Financial Services";"BANKBARODA";"BANKBARODA.ns"
"Bank_of_India";"Financial Services";"BANKINDIA";"BANKINDIA.ns"
"Bank_of_Maharashtra";"Financial Services";"MAHABANK";"MAHABANK.ns"
"Bata_India_Ltd";"Consumer Durables";"BATAINDIA";"BATAINDIA.ns"
"Bayer_Cropscience_Ltd";"Chemicals";"BAYERCROP";"BAYERCROP.ns"
"Berger_Paints_India_Ltd";"Consumer Durables";"BERGEPAINT";"BERGEPAINT.ns"
"Bharat_Dynamics_Ltd";"Capital Goods";"BDL";"BDL.ns"
"Bharat_Electronics_Ltd";"Capital Goods";"BEL";"BEL.ns"
"Bharat_Forge_Ltd";"Automobile and Auto Components";"BHARATFORG";"BHARATFORG.ns"
"Bharat_Heavy_Electricals_Ltd";"Capital Goods";"BHEL";"BHEL.ns"
"Bharat_Petroleum_Corporation_Ltd";"Oil Gas & Consumable Fuels";"BPCL";"BPCL.ns"
"Bharti_Airtel_Ltd";"Telecommunication";"BHARTIARTL";"BHARTIARTL.ns"
"Bharti_Hexacom_Ltd";"Telecommunication";"BHARTIHEXA";"BHARTIHEXA.ns"
"Bikaji_Foods_International_Ltd";"Fast Moving Consumer Goods";"BIKAJI";"BIKAJI.ns"
"Biocon_Ltd";"Healthcare";"BIOCON";"BIOCON.ns"
"Birla_Corporation_Ltd";"Construction Materials";"BIRLACORPN";"BIRLACORPN.ns"
"Birlasoft_Ltd";"Information Technology";"BSOFT";"BSOFT.ns"
"Blue_Dart_Express_Ltd";"Services";"BLUEDART";"BLUEDART.ns"
"Blue_Star_Ltd";"Consumer Durables";"BLUESTARCO";"BLUESTARCO.ns"
"Bombay_Burmah_Trading_Corporation_Ltd";"Fast Moving Consumer Goods";"BBTC";"BBTC.ns"
"Bosch_Ltd";"Automobile and Auto Components";"BOSCHLTD";"BOSCHLTD.ns"
"Brigade_Enterprises_Ltd";"Realty";"BRIGADE";"BRIGADE.ns"
"Britannia_Industries_Ltd";"Fast Moving Consumer Goods";"BRITANNIA";"BRITANNIA.ns"
"CE_Info_Systems_Ltd";"Information Technology";"MAPMYINDIA";"MAPMYINDIA.ns"
"CCL_Products_(I)_Ltd";"Fast Moving Consumer Goods";"CCL";"CCL.ns"
"CESC_Ltd";"Power";"CESC";"CESC.ns"
"CG_Power_and_Industrial_Solutions_Ltd";"Capital Goods";"CGPOWER";"CGPOWER.ns"
"CIE_Automotive_India_Ltd";"Automobile and Auto Components";"CIEINDIA";"CIEINDIA.ns"
"CRISIL_Ltd";"Financial Services";"CRISIL";"CRISIL.ns"
"Campus_Activewear_Ltd";"Consumer Durables";"CAMPUS";"CAMPUS.ns"
"Can_Fin_Homes_Ltd";"Financial Services";"CANFINHOME";"CANFINHOME.ns"
"Canara_Bank";"Financial Services";"CANBK";"CANBK.ns"
"Caplin_Point_Laboratories_Ltd";"Healthcare";"CAPLIPOINT";"CAPLIPOINT.ns"
"Capri_Global_Capital_Ltd";"Financial Services";"CGCL";"CGCL.ns"
"Carborundum_Universal_Ltd";"Capital Goods";"CARBORUNIV";"CARBORUNIV.ns"
"Castrol_India_Ltd";"Oil Gas & Consumable Fuels";"CASTROLIND";"CASTROLIND.ns"
"Ceat_Ltd";"Automobile and Auto Components";"CEATLTD";"CEATLTD.ns"
"Cello_World_Ltd";"Consumer Durables";"CELLO";"CELLO.ns"
"Central_Bank_of_India";"Financial Services";"CENTRALBK";"CENTRALBK.ns"
"Central_Depository_Services_(India)_Ltd";"Financial Services";"CDSL";"CDSL.ns"
"Century_Plyboards_(India)_Ltd";"Consumer Durables";"CENTURYPLY";"CENTURYPLY.ns"
"Cera_Sanitaryware_Ltd";"Consumer Durables";"CERA";"CERA.ns"
"Chalet_Hotels_Ltd";"Consumer Services";"CHALET";"CHALET.ns"
"Chambal_Fertilizers_&_Chemicals_Ltd";"Chemicals";"CHAMBLFERT";"CHAMBLFERT.ns"
"Chemplast_Sanmar_Ltd";"Chemicals";"CHEMPLASTS";"CHEMPLASTS.ns"
"Chennai_Petroleum_Corporation_Ltd";"Oil Gas & Consumable Fuels";"CHENNPETRO";"CHENNPETRO.ns"
"Cholamandalam_Financial_Holdings_Ltd";"Financial Services";"CHOLAHLDNG";"CHOLAHLDNG.ns"
"Cholamandalam_Investment_and_Finance_Company_Ltd";"Financial Services";"CHOLAFIN";"CHOLAFIN.ns"
"Cipla_Ltd";"Healthcare";"CIPLA";"CIPLA.ns"
"City_Union_Bank_Ltd";"Financial Services";"CUB";"CUB.ns"
"Clean_Science_and_Technology_Ltd";"Chemicals";"CLEAN";"CLEAN.ns"
"Coal_India_Ltd";"Oil Gas & Consumable Fuels";"COALINDIA";"COALINDIA.ns"
"Cochin_Shipyard_Ltd";"Capital Goods";"COCHINSHIP";"COCHINSHIP.ns"
"Coforge_Ltd";"Information Technology";"COFORGE";"COFORGE.ns"
"Colgate_Palmolive_(India)_Ltd";"Fast Moving Consumer Goods";"COLPAL";"COLPAL.ns"
"Computer_Age_Management_Services_Ltd";"Financial Services";"CAMS";"CAMS.ns"
"Concord_Biotech_Ltd";"Healthcare";"CONCORDBIO";"CONCORDBIO.ns"
"Container_Corporation_of_India_Ltd";"Services";"CONCOR";"CONCOR.ns"
"Coromandel_International_Ltd";"Chemicals";"COROMANDEL";"COROMANDEL.ns"
"Craftsman_Automation_Ltd";"Automobile and Auto Components";"CRAFTSMAN";"CRAFTSMAN.ns"
"CreditAccess_Grameen_Ltd";"Financial Services";"CREDITACC";"CREDITACC.ns"
"Crompton_Greaves_Consumer_Electricals_Ltd";"Consumer Durables";"CROMPTON";"CROMPTON.ns"
"Cummins_India_Ltd";"Capital Goods";"CUMMINSIND";"CUMMINSIND.ns"
"Cyient_Ltd";"Information Technology";"CYIENT";"CYIENT.ns"
"DLF_Ltd";"Realty";"DLF";"DLF.ns"
"DOMS_Industries_Ltd";"Fast Moving Consumer Goods";"DOMS";"DOMS.ns"
"Dabur_India_Ltd";"Fast Moving Consumer Goods";"DABUR";"DABUR.ns"
"Dalmia_Bharat_Ltd";"Construction Materials";"DALBHARAT";"DALBHARAT.ns"
"Data_Patterns_(India)_Ltd";"Capital Goods";"DATAPATTNS";"DATAPATTNS.ns"
"Deepak_Fertilisers_&_Petrochemicals_Corp_Ltd";"Chemicals";"DEEPAKFERT";"DEEPAKFERT.ns"
"Deepak_Nitrite_Ltd";"Chemicals";"DEEPAKNTR";"DEEPAKNTR.ns"
"Delhivery_Ltd";"Services";"DELHIVERY";"DELHIVERY.ns"
"Devyani_International_Ltd";"Consumer Services";"DEVYANI";"DEVYANI.ns"
"Divis_Laboratories_Ltd";"Healthcare";"DIVISLAB";"DIVISLAB.ns"
"Dixon_Technologies_(India)_Ltd";"Consumer Durables";"DIXON";"DIXON.ns"
"Dr_Lal_Path_Labs_Ltd";"Healthcare";"LALPATHLAB";"LALPATHLAB.ns"
"Dr_Reddys_Laboratories_Ltd";"Healthcare";"DRREDDY";"DRREDDY.ns"
"EID_Parry_(India)_Ltd";"Chemicals";"EIDPARRY";"EIDPARRY.ns"
"EIH_Ltd";"Consumer Services";"EIHOTEL";"EIHOTEL.ns"
"Easy_Trip_Planners_Ltd";"Consumer Services";"EASEMYTRIP";"EASEMYTRIP.ns"
"Eicher_Motors_Ltd";"Automobile and Auto Components";"EICHERMOT";"EICHERMOT.ns"
"Elecon_Engineering_Co_Ltd";"Capital Goods";"ELECON";"ELECON.ns"
"Elgi_Equipments_Ltd";"Capital Goods";"ELGIEQUIP";"ELGIEQUIP.ns"
"Emami_Ltd";"Fast Moving Consumer Goods";"EMAMILTD";"EMAMILTD.ns"
"Emcure_Pharmaceuticals_Ltd";"Healthcare";"EMCURE";"EMCURE.ns"
"Endurance_Technologies_Ltd";"Automobile and Auto Components";"ENDURANCE";"ENDURANCE.ns"
"Engineers_India_Ltd";"Construction";"ENGINERSIN";"ENGINERSIN.ns"
"Equitas_Small_Finance_Bank_Ltd";"Financial Services";"EQUITASBNK";"EQUITASBNK.ns"
"Eris_Lifesciences_Ltd";"Healthcare";"ERIS";"ERIS.ns"
"Escorts_Kubota_Ltd";"Capital Goods";"ESCORTS";"ESCORTS.ns"
"Exide_Industries_Ltd";"Automobile and Auto Components";"EXIDEIND";"EXIDEIND.ns"
"FSN_E-Commerce_Ventures_Ltd";"Consumer Services";"NYKAA";"NYKAA.ns"
"Federal_Bank_Ltd";"Financial Services";"FEDERALBNK";"FEDERALBNK.ns"
"Fertilisers_and_Chemicals_Travancore_Ltd";"Chemicals";"FACT";"FACT.ns"
"Fine_Organic_Industries_Ltd";"Chemicals";"FINEORG";"FINEORG.ns"
"Finolex_Cables_Ltd";"Capital Goods";"FINCABLES";"FINCABLES.ns"
"Finolex_Industries_Ltd";"Capital Goods";"FINPIPE";"FINPIPE.ns"
"Firstsource_Solutions_Ltd";"Services";"FSL";"FSL.ns"
"Five-Star_Business_Finance_Ltd";"Financial Services";"FIVESTAR";"FIVESTAR.ns"
"Fortis_Healthcare_Ltd";"Healthcare";"FORTIS";"FORTIS.ns"
"G_R_Infraprojects_Ltd";"Construction";"GRINFRA";"GRINFRA.ns"
"GAIL_(India)_Ltd";"Oil Gas & Consumable Fuels";"GAIL";"GAIL.ns"
"GE_Vernova_T&D_India_Ltd";"Capital Goods";"GVT&D";"GVT&D.ns"
"GMR_Airports_Infrastructure_Ltd";"Services";"GMRINFRA";"GMRINFRA.ns"
"Garden_Reach_Shipbuilders_&_Engineers_Ltd";"Capital Goods";"GRSE";"GRSE.ns"
"General_Insurance_Corporation_of_India";"Financial Services";"GICRE";"GICRE.ns"
"Gillette_India_Ltd";"Fast Moving Consumer Goods";"GILLETTE";"GILLETTE.ns"
"Gland_Pharma_Ltd";"Healthcare";"GLAND";"GLAND.ns"
"Glaxosmithkline_Pharmaceuticals_Ltd";"Healthcare";"GLAXO";"GLAXO.ns"
"Glenmark_Pharmaceuticals_Ltd";"Healthcare";"GLENMARK";"GLENMARK.ns"
"Global_Health_Ltd";"Healthcare";"MEDANTA";"MEDANTA.ns"
"Go_Digit_General_Insurance_Ltd";"Financial Services";"GODIGIT";"GODIGIT.ns"
"Godawari_Power_&_Ispat_Ltd";"Capital Goods";"GPIL";"GPIL.ns"
"Godfrey_Phillips_India_Ltd";"Fast Moving Consumer Goods";"GODFRYPHLP";"GODFRYPHLP.ns"
"Godrej_Agrovet_Ltd";"Fast Moving Consumer Goods";"GODREJAGRO";"GODREJAGRO.ns"
"Godrej_Consumer_Products_Ltd";"Fast Moving Consumer Goods";"GODREJCP";"GODREJCP.ns"
"Godrej_Industries_Ltd";"Diversified";"GODREJIND";"GODREJIND.ns"
"Godrej_Properties_Ltd";"Realty";"GODREJPROP";"GODREJPROP.ns"
"Granules_India_Ltd";"Healthcare";"GRANULES";"GRANULES.ns"
"Graphite_India_Ltd";"Capital Goods";"GRAPHITE";"GRAPHITE.ns"
"Grasim_Industries_Ltd";"Construction Materials";"GRASIM";"GRASIM.ns"
"Great_Eastern_Shipping_Co_Ltd";"Services";"GESHIP";"GESHIP.ns"
"Grindwell_Norton_Ltd";"Capital Goods";"GRINDWELL";"GRINDWELL.ns"
"Gujarat_Ambuja_Exports_Ltd";"Fast Moving Consumer Goods";"GAEL";"GAEL.ns"
"Gujarat_Fluorochemicals_Ltd";"Chemicals";"FLUOROCHEM";"FLUOROCHEM.ns"
"Gujarat_Gas_Ltd";"Oil Gas & Consumable Fuels";"GUJGASLTD";"GUJGASLTD.ns"
"Gujarat_Mineral_Development_Corporation_Ltd";"Metals & Mining";"GMDCLTD";"GMDCLTD.ns"
"Gujarat_Narmada_Valley_Fertilizers_and_Chemicals_Ltd";"Chemicals";"GNFC";"GNFC.ns"
"Gujarat_Pipavav_Port_Ltd";"Services";"GPPL";"GPPL.ns"
"Gujarat_State_Fertilizers_&_Chemicals_Ltd";"Chemicals";"GSFC";"GSFC.ns"
"Gujarat_State_Petronet_Ltd";"Oil Gas & Consumable Fuels";"GSPL";"GSPL.ns"
"HEG_Ltd";"Capital Goods";"HEG";"HEG.ns"
"HBL_Power_Systems_Ltd";"Automobile and Auto Components";"HBLPOWER";"HBLPOWER.ns"
"HCL_Technologies_Ltd";"Information Technology";"HCLTECH";"HCLTECH.ns"
"HDFC_Asset_Management_Company_Ltd";"Financial Services";"HDFCAMC";"HDFCAMC.ns"
"HDFC_Bank_Ltd";"Financial Services";"HDFCBANK";"HDFCBANK.ns"
"HDFC_Life_Insurance_Company_Ltd";"Financial Services";"HDFCLIFE";"HDFCLIFE.ns"
"HFCL_Ltd";"Telecommunication";"HFCL";"HFCL.ns"
"Happiest_Minds_Technologies_Ltd";"Information Technology";"HAPPSTMNDS";"HAPPSTMNDS.ns"
"Havells_India_Ltd";"Consumer Durables";"HAVELLS";"HAVELLS.ns"
"Hero_MotoCorp_Ltd";"Automobile and Auto Components";"HEROMOTOCO";"HEROMOTOCO.ns"
"Himadri_Speciality_Chemical_Ltd";"Chemicals";"HSCL";"HSCL.ns"
"Hindalco_Industries_Ltd";"Metals & Mining";"HINDALCO";"HINDALCO.ns"
"Hindustan_Aeronautics_Ltd";"Capital Goods";"HAL";"HAL.ns"
"Hindustan_Copper_Ltd";"Metals & Mining";"HINDCOPPER";"HINDCOPPER.ns"
"Hindustan_Petroleum_Corporation_Ltd";"Oil Gas & Consumable Fuels";"HINDPETRO";"HINDPETRO.ns"
"Hindustan_Unilever_Ltd";"Fast Moving Consumer Goods";"HINDUNILVR";"HINDUNILVR.ns"
"Hindustan_Zinc_Ltd";"Metals & Mining";"HINDZINC";"HINDZINC.ns"
"Hitachi_Energy_India_Ltd";"Capital Goods";"POWERINDIA";"POWERINDIA.ns"
"Home_First_Finance_Company_India_Ltd";"Financial Services";"HOMEFIRST";"HOMEFIRST.ns"
"Honasa_Consumer_Ltd";"Fast Moving Consumer Goods";"HONASA";"HONASA.ns"
"Honeywell_Automation_India_Ltd";"Capital Goods";"HONAUT";"HONAUT.ns"
"Housing_&_Urban_Development_Corporation_Ltd";"Financial Services";"HUDCO";"HUDCO.ns"
"ICICI_Bank_Ltd";"Financial Services";"ICICIBANK";"ICICIBANK.ns"
"ICICI_Lombard_General_Insurance_Company_Ltd";"Financial Services";"ICICIGI";"ICICIGI.ns"
"ICICI_Prudential_Life_Insurance_Company_Ltd";"Financial Services";"ICICIPRULI";"ICICIPRULI.ns"
"ICICI_Securities_Ltd";"Financial Services";"ISEC";"ISEC.ns"
"IDBI_Bank_Ltd";"Financial Services";"IDBI";"IDBI.ns"
"IDFC_First_Bank_Ltd";"Financial Services";"IDFCFIRSTB";"IDFCFIRSTB.ns"
"IFCI_Ltd";"Financial Services";"IFCI";"IFCI.ns"
"IIFL_Finance_Ltd";"Financial Services";"IIFL";"IIFL.ns"
"INOX_India_Ltd";"Capital Goods";"INOXINDIA";"INOXINDIA.ns"
"IRB_Infrastructure_Developers_Ltd";"Construction";"IRB";"IRB.ns"
"IRCON_International_Ltd";"Construction";"IRCON";"IRCON.ns"
"ITC_Ltd";"Fast Moving Consumer Goods";"ITC";"ITC.ns"
"ITI_Ltd";"Telecommunication";"ITI";"ITI.ns"
"Indegene_Ltd";"Healthcare";"INDGN";"INDGN.ns"
"India_Cements_Ltd";"Construction Materials";"INDIACEM";"INDIACEM.ns"
"Indiamart_Intermesh_Ltd";"Consumer Services";"INDIAMART";"INDIAMART.ns"
"Indian_Bank";"Financial Services";"INDIANB";"INDIANB.ns"
"Indian_Energy_Exchange_Ltd";"Financial Services";"IEX";"IEX.ns"
"Indian_Hotels_Co_Ltd";"Consumer Services";"INDHOTEL";"INDHOTEL.ns"
"Indian_Oil_Corporation_Ltd";"Oil Gas & Consumable Fuels";"IOC";"IOC.ns"
"Indian_Overseas_Bank";"Financial Services";"IOB";"IOB.ns"
"Indian_Railway_Catering_And_Tourism_Corporation_Ltd";"Consumer Services";"IRCTC";"IRCTC.ns"
"Indian_Railway_Finance_Corporation_Ltd";"Financial Services";"IRFC";"IRFC.ns"
"Indian_Renewable_Energy_Development_Agency_Ltd";"Financial Services";"IREDA";"IREDA.ns"
"Indraprastha_Gas_Ltd";"Oil Gas & Consumable Fuels";"IGL";"IGL.ns"
"Indus_Towers_Ltd";"Telecommunication";"INDUSTOWER";"INDUSTOWER.ns"
"IndusInd_Bank_Ltd";"Financial Services";"INDUSINDBK";"INDUSINDBK.ns"
"Info_Edge_(India)_Ltd";"Consumer Services";"NAUKRI";"NAUKRI.ns"
"Infosys_Ltd";"Information Technology";"INFY";"INFY.ns"
"Inox_Wind_Ltd";"Capital Goods";"INOXWIND";"INOXWIND.ns"
"Intellect_Design_Arena_Ltd";"Information Technology";"INTELLECT";"INTELLECT.ns"
"InterGlobe_Aviation_Ltd";"Services";"INDIGO";"INDIGO.ns"
"Ipca_Laboratories_Ltd";"Healthcare";"IPCALAB";"IPCALAB.ns"
"JB_Chemicals_&_Pharmaceuticals_Ltd";"Healthcare";"JBCHEPHARM";"JBCHEPHARM.ns"
"JK_Cement_Ltd";"Construction Materials";"JKCEMENT";"JKCEMENT.ns"
"JBM_Auto_Ltd";"Automobile and Auto Components";"JBMA";"JBMA.ns"
"JK_Lakshmi_Cement_Ltd";"Construction Materials";"JKLAKSHMI";"JKLAKSHMI.ns"
"JK_Tyre_&_Industries_Ltd";"Automobile and Auto Components";"JKTYRE";"JKTYRE.ns"
"JM_Financial_Ltd";"Financial Services";"JMFINANCIL";"JMFINANCIL.ns"
"JSW_Energy_Ltd";"Power";"JSWENERGY";"JSWENERGY.ns"
"JSW_Infrastructure_Ltd";"Services";"JSWINFRA";"JSWINFRA.ns"
"JSW_Steel_Ltd";"Metals & Mining";"JSWSTEEL";"JSWSTEEL.ns"
"Jaiprakash_Power_Ventures_Ltd";"Power";"JPPOWER";"JPPOWER.ns"
"Jammu_&_Kashmir_Bank_Ltd";"Financial Services";"J&KBANK";"J&KBANK.ns"
"Jindal_Saw_Ltd";"Capital Goods";"JINDALSAW";"JINDALSAW.ns"
"Jindal_Stainless_Ltd";"Metals & Mining";"JSL";"JSL.ns"
"Jindal_Steel_&_Power_Ltd";"Metals & Mining";"JINDALSTEL";"JINDALSTEL.ns"
"Jio_Financial_Services_Ltd";"Financial Services";"JIOFIN";"JIOFIN.ns"
"Jubilant_Foodworks_Ltd";"Consumer Services";"JUBLFOOD";"JUBLFOOD.ns"
"Jubilant_Ingrevia_Ltd";"Chemicals";"JUBLINGREA";"JUBLINGREA.ns"
"Jubilant_Pharmova_Ltd";"Healthcare";"JUBLPHARMA";"JUBLPHARMA.ns"
"Jupiter_Wagons_Ltd";"Capital Goods";"JWL";"JWL.ns"
"Justdial_Ltd";"Consumer Services";"JUSTDIAL";"JUSTDIAL.ns"
"Jyothy_Labs_Ltd";"Fast Moving Consumer Goods";"JYOTHYLAB";"JYOTHYLAB.ns"
"Jyoti_CNC_Automation_Ltd";"Capital Goods";"JYOTICNC";"JYOTICNC.ns"
"KPR_Mill_Ltd";"Textiles";"KPRMILL";"KPRMILL.ns"
"KEI_Industries_Ltd";"Capital Goods";"KEI";"KEI.ns"
"KNR_Constructions_Ltd";"Construction";"KNRCON";"KNRCON.ns"
"KPIT_Technologies_Ltd";"Information Technology";"KPITTECH";"KPITTECH.ns"
"KSB_Ltd";"Capital Goods";"KSB";"KSB.ns"
"Kajaria_Ceramics_Ltd";"Consumer Durables";"KAJARIACER";"KAJARIACER.ns"
"Kalpataru_Projects_International_Ltd";"Construction";"KPIL";"KPIL.ns"
"Kalyan_Jewellers_India_Ltd";"Consumer Durables";"KALYANKJIL";"KALYANKJIL.ns"
"Kansai_Nerolac_Paints_Ltd";"Consumer Durables";"KANSAINER";"KANSAINER.ns"
"Karur_Vysya_Bank_Ltd";"Financial Services";"KARURVYSYA";"KARURVYSYA.ns"
"Kaynes_Technology_India_Ltd";"Capital Goods";"KAYNES";"KAYNES.ns"
"Kec_International_Ltd";"Construction";"KEC";"KEC.ns"
"Kfin_Technologies_Ltd";"Financial Services";"KFINTECH";"KFINTECH.ns"
"Kirloskar_Brothers_Ltd";"Capital Goods";"KIRLOSBROS";"KIRLOSBROS.ns"
"Kirloskar_Oil_Eng_Ltd";"Capital Goods";"KIRLOSENG";"KIRLOSENG.ns"
"Kotak_Mahindra_Bank_Ltd";"Financial Services";"KOTAKBANK";"KOTAKBANK.ns"
"Krishna_Institute_of_Medical_Sciences_Ltd";"Healthcare";"KIMS";"KIMS.ns"
"L&T_Finance_Ltd";"Financial Services";"LTF";"LTF.ns"
"L&T_Technology_Services_Ltd";"Information Technology";"LTTS";"LTTS.ns"
"LIC_Housing_Finance_Ltd";"Financial Services";"LICHSGFIN";"LICHSGFIN.ns"
"LTIMindtree_Ltd";"Information Technology";"LTIM";"LTIM.ns"
"Larsen_&_Toubro_Ltd";"Construction";"LT";"LT.ns"
"Latent_View_Analytics_Ltd";"Information Technology";"LATENTVIEW";"LATENTVIEW.ns"
"Laurus_Labs_Ltd";"Healthcare";"LAURUSLABS";"LAURUSLABS.ns"
"Lemon_Tree_Hotels_Ltd";"Consumer Services";"LEMONTREE";"LEMONTREE.ns"
"Life_Insurance_Corporation_of_India";"Financial Services";"LICI";"LICI.ns"
"Linde_India_Ltd";"Chemicals";"LINDEINDIA";"LINDEINDIA.ns"
"Lloyds_Metals_And_Energy_Ltd";"Metals & Mining";"LLOYDSME";"LLOYDSME.ns"
"Lupin_Ltd";"Healthcare";"LUPIN";"LUPIN.ns"
"MMTC_Ltd";"Services";"MMTC";"MMTC.ns"
"MRF_Ltd";"Automobile and Auto Components";"MRF";"MRF.ns"
"Macrotech_Developers_Ltd";"Realty";"LODHA";"LODHA.ns"
"Mahanagar_Gas_Ltd";"Oil Gas & Consumable Fuels";"MGL";"MGL.ns"
"Maharashtra_Seamless_Ltd";"Capital Goods";"MAHSEAMLES";"MAHSEAMLES.ns"
"Mahindra_&_Mahindra_Financial_Services_Ltd";"Financial Services";"M&MFIN";"M&MFIN.ns"
"Mahindra_&_Mahindra_Ltd";"Automobile and Auto Components";"M&M";"M&M.ns"
"Mahindra_Lifespace_Developers_Ltd";"Realty";"MAHLIFE";"MAHLIFE.ns"
"Manappuram_Finance_Ltd";"Financial Services";"MANAPPURAM";"MANAPPURAM.ns"
"Mangalore_Refinery_&_Petrochemicals_Ltd";"Oil Gas & Consumable Fuels";"MRPL";"MRPL.ns"
"Mankind_Pharma_Ltd";"Healthcare";"MANKIND";"MANKIND.ns"
"Marico_Ltd";"Fast Moving Consumer Goods";"MARICO";"MARICO.ns"
"Maruti_Suzuki_India_Ltd";"Automobile and Auto Components";"MARUTI";"MARUTI.ns"
"Mastek_Ltd";"Information Technology";"MASTEK";"MASTEK.ns"
"Max_Financial_Services_Ltd";"Financial Services";"MFSL";"MFSL.ns"
"Max_Healthcare_Institute_Ltd";"Healthcare";"MAXHEALTH";"MAXHEALTH.ns"
"Mazagoan_Dock_Shipbuilders_Ltd";"Capital Goods";"MAZDOCK";"MAZDOCK.ns"
"Metro_Brands_Ltd";"Consumer Durables";"METROBRAND";"METROBRAND.ns"
"Metropolis_Healthcare_Ltd";"Healthcare";"METROPOLIS";"METROPOLIS.ns"
"Minda_Corporation_Ltd";"Automobile and Auto Components";"MINDACORP";"MINDACORP.ns"
"Motherson_Sumi_Wiring_India_Ltd";"Automobile and Auto Components";"MSUMI";"MSUMI.ns"
"Motilal_Oswal_Financial_Services_Ltd";"Financial Services";"MOTILALOFS";"MOTILALOFS.ns"
"MphasiS_Ltd";"Information Technology";"MPHASIS";"MPHASIS.ns"
"Multi_Commodity_Exchange_of_India_Ltd";"Financial Services";"MCX";"MCX.ns"
"Muthoot_Finance_Ltd";"Financial Services";"MUTHOOTFIN";"MUTHOOTFIN.ns"
"NATCO_Pharma_Ltd";"Healthcare";"NATCOPHARM";"NATCOPHARM.ns"
"NBCC_(India)_Ltd";"Construction";"NBCC";"NBCC.ns"
"NCC_Ltd";"Construction";"NCC";"NCC.ns"
"NHPC_Ltd";"Power";"NHPC";"NHPC.ns"
"NLC_India_Ltd";"Power";"NLCINDIA";"NLCINDIA.ns"
"NMDC_Ltd";"Metals & Mining";"NMDC";"NMDC.ns"
"NMDC_Steel_Ltd";"Metals & Mining";"NSLNISP";"NSLNISP.ns"
"NTPC_Ltd";"Power";"NTPC";"NTPC.ns"
"Narayana_Hrudayalaya_Ltd";"Healthcare";"NH";"NH.ns"
"National_Aluminium_Co_Ltd";"Metals & Mining";"NATIONALUM";"NATIONALUM.ns"
"Navin_Fluorine_International_Ltd";"Chemicals";"NAVINFLUOR";"NAVINFLUOR.ns"
"Nestle_India_Ltd";"Fast Moving Consumer Goods";"NESTLEIND";"NESTLEIND.ns"
"Netweb_Technologies_India_Ltd";"Information Technology";"NETWEB";"NETWEB.ns"
"Network18_Media_&_Investments_Ltd";"Media Entertainment & Publication";"NETWORK18";"NETWORK18.ns"
"Newgen_Software_Technologies_Ltd";"Information Technology";"NEWGEN";"NEWGEN.ns"
"Nippon_Life_India_Asset_Management_Ltd";"Financial Services";"NAM-INDIA";"NAM-INDIA.ns"
"Nuvama_Wealth_Management_Ltd";"Financial Services";"NUVAMA";"NUVAMA.ns"
"Nuvoco_Vistas_Corporation_Ltd";"Construction Materials";"NUVOCO";"NUVOCO.ns"
"Oberoi_Realty_Ltd";"Realty";"OBEROIRLTY";"OBEROIRLTY.ns"
"Oil_&_Natural_Gas_Corporation_Ltd";"Oil Gas & Consumable Fuels";"ONGC";"ONGC.ns"
"Oil_India_Ltd";"Oil Gas & Consumable Fuels";"OIL";"OIL.ns"
"Olectra_Greentech_Ltd";"Automobile and Auto Components";"OLECTRA";"OLECTRA.ns"
"One_97_Communications_Ltd";"Financial Services";"PAYTM";"PAYTM.ns"
"Oracle_Financial_Services_Software_Ltd";"Information Technology";"OFSS";"OFSS.ns"
"PB_Fintech_Ltd";"Financial Services";"POLICYBZR";"POLICYBZR.ns"
"PCBL_Ltd";"Chemicals";"PCBL";"PCBL.ns"
"PI_Industries_Ltd";"Chemicals";"PIIND";"PIIND.ns"
"PNB_Housing_Finance_Ltd";"Financial Services";"PNBHOUSING";"PNBHOUSING.ns"
"PNC_Infratech_Ltd";"Construction";"PNCINFRA";"PNCINFRA.ns"
"PTC_Industries_Ltd";"Capital Goods";"PTCIL";"PTCIL.ns"
"PVR_INOX_Ltd";"Media Entertainment & Publication";"PVRINOX";"PVRINOX.ns"
"Page_Industries_Ltd";"Textiles";"PAGEIND";"PAGEIND.ns"
"Patanjali_Foods_Ltd";"Fast Moving Consumer Goods";"PATANJALI";"PATANJALI.ns"
"Persistent_Systems_Ltd";"Information Technology";"PERSISTENT";"PERSISTENT.ns"
"Petronet_LNG_Ltd";"Oil Gas & Consumable Fuels";"PETRONET";"PETRONET.ns"
"Pfizer_Ltd";"Healthcare";"PFIZER";"PFIZER.ns"
"Phoenix_Mills_Ltd";"Realty";"PHOENIXLTD";"PHOENIXLTD.ns"
"Pidilite_Industries_Ltd";"Chemicals";"PIDILITIND";"PIDILITIND.ns"
"Piramal_Enterprises_Ltd";"Financial Services";"PEL";"PEL.ns"
"Piramal_Pharma_Ltd";"Healthcare";"PPLPHARMA";"PPLPHARMA.ns"
"Poly_Medicure_Ltd";"Healthcare";"POLYMED";"POLYMED.ns"
"Polycab_India_Ltd";"Capital Goods";"POLYCAB";"POLYCAB.ns"
"Poonawalla_Fincorp_Ltd";"Financial Services";"POONAWALLA";"POONAWALLA.ns"
"Power_Finance_Corporation_Ltd";"Financial Services";"PFC";"PFC.ns"
"Power_Grid_Corporation_of_India_Ltd";"Power";"POWERGRID";"POWERGRID.ns"
"Praj_Industries_Ltd";"Capital Goods";"PRAJIND";"PRAJIND.ns"
"Prestige_Estates_Projects_Ltd";"Realty";"PRESTIGE";"PRESTIGE.ns"
"Procter_&_Gamble_Hygiene_&_Health_Care_Ltd";"Fast Moving Consumer Goods";"PGHH";"PGHH.ns"
"Punjab_National_Bank";"Financial Services";"PNB";"PNB.ns"
"Quess_Corp_Ltd";"Services";"QUESS";"QUESS.ns"
"R_R_Kabel_Ltd";"Capital Goods";"RRKABEL";"RRKABEL.ns"
"RBL_Bank_Ltd";"Financial Services";"RBLBANK";"RBLBANK.ns"
"REC_Ltd";"Financial Services";"RECLTD";"RECLTD.ns"
"RHI_MAGNESITA_INDIA_LTD";"Capital Goods";"RHIM";"RHIM.ns"
"RITES_Ltd";"Construction";"RITES";"RITES.ns"
"Radico_Khaitan_Ltd";"Fast Moving Consumer Goods";"RADICO";"RADICO.ns"
"Rail_Vikas_Nigam_Ltd";"Construction";"RVNL";"RVNL.ns"
"Railtel_Corporation_Of_India_Ltd";"Telecommunication";"RAILTEL";"RAILTEL.ns"
"Rainbow_Childrens_Medicare_Ltd";"Healthcare";"RAINBOW";"RAINBOW.ns"
"Rajesh_Exports_Ltd";"Consumer Durables";"RAJESHEXPO";"RAJESHEXPO.ns"
"Ramkrishna_Forgings_Ltd";"Automobile and Auto Components";"RKFORGE";"RKFORGE.ns"
"Rashtriya_Chemicals_&_Fertilizers_Ltd";"Chemicals";"RCF";"RCF.ns"
"Ratnamani_Metals_&_Tubes_Ltd";"Capital Goods";"RATNAMANI";"RATNAMANI.ns"
"RattanIndia_Enterprises_Ltd";"Consumer Services";"RTNINDIA";"RTNINDIA.ns"
"Raymond_Ltd";"Realty";"RAYMOND";"RAYMOND.ns"
"Redington_Ltd";"Services";"REDINGTON";"REDINGTON.ns"
"Reliance_Industries_Ltd";"Oil Gas & Consumable Fuels";"RELIANCE";"RELIANCE.ns"
"Route_Mobile_Ltd";"Telecommunication";"ROUTE";"ROUTE.ns"
"SBFC_Finance_Ltd";"Financial Services";"SBFC";"SBFC.ns"
"SBI_Cards_and_Payment_Services_Ltd";"Financial Services";"SBICARD";"SBICARD.ns"
"SBI_Life_Insurance_Company_Ltd";"Financial Services";"SBILIFE";"SBILIFE.ns"
"SJVN_Ltd";"Power";"SJVN";"SJVN.ns"
"SKF_India_Ltd";"Capital Goods";"SKFINDIA";"SKFINDIA.ns"
"SRF_Ltd";"Chemicals";"SRF";"SRF.ns"
"Sammaan_Capital_Ltd";"Financial Services";"SAMMAANCAP";"SAMMAANCAP.ns"
"Samvardhana_Motherson_International_Ltd";"Automobile and Auto Components";"MOTHERSON";"MOTHERSON.ns"
"Sanofi_India_Ltd";"Healthcare";"SANOFI";"SANOFI.ns"
"Sapphire_Foods_India_Ltd";"Consumer Services";"SAPPHIRE";"SAPPHIRE.ns"
"Saregama_India_Ltd";"Media Entertainment & Publication";"SAREGAMA";"SAREGAMA.ns"
"Schaeffler_India_Ltd";"Automobile and Auto Components";"SCHAEFFLER";"SCHAEFFLER.ns"
"Schneider_Electric_Infrastructure_Ltd";"Capital Goods";"SCHNEIDER";"SCHNEIDER.ns"
"Shipping_Corporation_of_India_Ltd";"Services";"SCI";"SCI.ns"
"Shree_Cement_Ltd";"Construction Materials";"SHREECEM";"SHREECEM.ns"
"Shree_Renuka_Sugars_Ltd";"Fast Moving Consumer Goods";"RENUKA";"RENUKA.ns"
"Shriram_Finance_Ltd";"Financial Services";"SHRIRAMFIN";"SHRIRAMFIN.ns"
"Shyam_Metalics_and_Energy_Ltd";"Capital Goods";"SHYAMMETL";"SHYAMMETL.ns"
"Siemens_Ltd";"Capital Goods";"SIEMENS";"SIEMENS.ns"
"Signatureglobal_(India)_Ltd";"Realty";"SIGNATURE";"SIGNATURE.ns"
"Sobha_Ltd";"Realty";"SOBHA";"SOBHA.ns"
"Solar_Industries_India_Ltd";"Chemicals";"SOLARINDS";"SOLARINDS.ns"
"Sona_BLW_Precision_Forgings_Ltd";"Automobile and Auto Components";"SONACOMS";"SONACOMS.ns"
"Sonata_Software_Ltd";"Information Technology";"SONATSOFTW";"SONATSOFTW.ns"
"Star_Health_and_Allied_Insurance_Company_Ltd";"Financial Services";"STARHEALTH";"STARHEALTH.ns"
"State_Bank_of_India";"Financial Services";"SBIN";"SBIN.ns"
"Steel_Authority_of_India_Ltd";"Metals & Mining";"SAIL";"SAIL.ns"
"Sterling_and_Wilson_Renewable_Energy_Ltd";"Construction";"SWSOLAR";"SWSOLAR.ns"
"Sumitomo_Chemical_India_Ltd";"Chemicals";"SUMICHEM";"SUMICHEM.ns"
"Sun_Pharma_Advanced_Research_Company_Ltd";"Healthcare";"SPARC";"SPARC.ns"
"Sun_Pharmaceutical_Industries_Ltd";"Healthcare";"SUNPHARMA";"SUNPHARMA.ns"
"Sun_TV_Network_Ltd";"Media Entertainment & Publication";"SUNTV";"SUNTV.ns"
"Sundaram_Finance_Ltd";"Financial Services";"SUNDARMFIN";"SUNDARMFIN.ns"
"Sundram_Fasteners_Ltd";"Automobile and Auto Components";"SUNDRMFAST";"SUNDRMFAST.ns"
"Supreme_Industries_Ltd";"Capital Goods";"SUPREMEIND";"SUPREMEIND.ns"
"Suven_Pharmaceuticals_Ltd";"Healthcare";"SUVENPHAR";"SUVENPHAR.ns"
"Suzlon_Energy_Ltd";"Capital Goods";"SUZLON";"SUZLON.ns"
"Swan_Energy_Ltd";"Diversified";"SWANENERGY";"SWANENERGY.ns"
"Syngene_International_Ltd";"Healthcare";"SYNGENE";"SYNGENE.ns"
"Syrma_SGS_Technology_Ltd";"Capital Goods";"SYRMA";"SYRMA.ns"
"TBO_Tek_Ltd";"Consumer Services";"TBOTEK";"TBOTEK.ns"
"TVS_Motor_Company_Ltd";"Automobile and Auto Components";"TVSMOTOR";"TVSMOTOR.ns"
"TVS_Supply_Chain_Solutions_Ltd";"Services";"TVSSCS";"TVSSCS.ns"
"Tanla_Platforms_Ltd";"Information Technology";"TANLA";"TANLA.ns"
"Tata_Chemicals_Ltd";"Chemicals";"TATACHEM";"TATACHEM.ns"
"Tata_Communications_Ltd";"Telecommunication";"TATACOMM";"TATACOMM.ns"
"Tata_Consultancy_Services_Ltd";"Information Technology";"TCS";"TCS.ns"
"Tata_Consumer_Products_Ltd";"Fast Moving Consumer Goods";"TATACONSUM";"TATACONSUM.ns"
"Tata_Elxsi_Ltd";"Information Technology";"TATAELXSI";"TATAELXSI.ns"
"Tata_Investment_Corporation_Ltd";"Financial Services";"TATAINVEST";"TATAINVEST.ns"
"Tata_Motors_Ltd";"Automobile and Auto Components";"TATAMOTORS";"TATAMOTORS.ns"
"Tata_Power_Co_Ltd";"Power";"TATAPOWER";"TATAPOWER.ns"
"Tata_Steel_Ltd";"Metals & Mining";"TATASTEEL";"TATASTEEL.ns"
"Tata_Technologies_Ltd";"Information Technology";"TATATECH";"TATATECH.ns"
"Tata_Teleservices_(Maharashtra)_Ltd";"Telecommunication";"TTML";"TTML.ns"
"Tech_Mahindra_Ltd";"Information Technology";"TECHM";"TECHM.ns"
"Techno_Electric_&_Engineering_Company_Ltd";"Construction";"TECHNOE";"TECHNOE.ns"
"Tejas_Networks_Ltd";"Telecommunication";"TEJASNET";"TEJASNET.ns"
"The_New_India_Assurance_Company_Ltd";"Financial Services";"NIACL";"NIACL.ns"
"The_Ramco_Cements_Ltd";"Construction Materials";"RAMCOCEM";"RAMCOCEM.ns"
"Thermax_Ltd";"Capital Goods";"THERMAX";"THERMAX.ns"
"Timken_India_Ltd";"Capital Goods";"TIMKEN";"TIMKEN.ns"
"Titagarh_Rail_Systems_Ltd";"Capital Goods";"TITAGARH";"TITAGARH.ns"
"Titan_Company_Ltd";"Consumer Durables";"TITAN";"TITAN.ns"
"Torrent_Pharmaceuticals_Ltd";"Healthcare";"TORNTPHARM";"TORNTPHARM.ns"
"Torrent_Power_Ltd";"Power";"TORNTPOWER";"TORNTPOWER.ns"
"Trent_Ltd";"Consumer Services";"TRENT";"TRENT.ns"
"Trident_Ltd";"Textiles";"TRIDENT";"TRIDENT.ns"
"Triveni_Engineering_&_Industries_Ltd";"Fast Moving Consumer Goods";"TRIVENI";"TRIVENI.ns"
"Triveni_Turbine_Ltd";"Capital Goods";"TRITURBINE";"TRITURBINE.ns"
"Tube_Investments_of_India_Ltd";"Automobile and Auto Components";"TIINDIA";"TIINDIA.ns"
"UCO_Bank";"Financial Services";"UCOBANK";"UCOBANK.ns"
"UNO_Minda_Ltd";"Automobile and Auto Components";"UNOMINDA";"UNOMINDA.ns"
"UPL_Ltd";"Chemicals";"UPL";"UPL.ns"
"UTI_Asset_Management_Company_Ltd";"Financial Services";"UTIAMC";"UTIAMC.ns"
"Ujjivan_Small_Finance_Bank_Ltd";"Financial Services";"UJJIVANSFB";"UJJIVANSFB.ns"
"UltraTech_Cement_Ltd";"Construction Materials";"ULTRACEMCO";"ULTRACEMCO.ns"
"Union_Bank_of_India";"Financial Services";"UNIONBANK";"UNIONBANK.ns"
"United_Breweries_Ltd";"Fast Moving Consumer Goods";"UBL";"UBL.ns"
"United_Spirits_Ltd";"Fast Moving Consumer Goods";"UNITDSPR";"UNITDSPR.ns"
"Usha_Martin_Ltd";"Capital Goods";"USHAMART";"USHAMART.ns"
"V-Guard_Industries_Ltd";"Consumer Durables";"VGUARD";"VGUARD.ns"
"VIP_Industries_Ltd";"Consumer Durables";"VIPIND";"VIPIND.ns"
"Valor_Estate_Ltd";"Realty";"DBREALTY";"DBREALTY.ns"
"Vardhman_Textiles_Ltd";"Textiles";"VTL";"VTL.ns"
"Varroc_Engineering_Ltd";"Automobile and Auto Components";"VARROC";"VARROC.ns"
"Varun_Beverages_Ltd";"Fast Moving Consumer Goods";"VBL";"VBL.ns"
"Vedant_Fashions_Ltd";"Consumer Services";"MANYAVAR";"MANYAVAR.ns"
"Vedanta_Ltd";"Metals & Mining";"VEDL";"VEDL.ns"
"Vijaya_Diagnostic_Centre_Ltd";"Healthcare";"VIJAYA";"VIJAYA.ns"
"Vinati_Organics_Ltd";"Chemicals";"VINATIORGA";"VINATIORGA.ns"
"Vodafone_Idea_Ltd";"Telecommunication";"IDEA";"IDEA.ns"
"Voltas_Ltd";"Consumer Durables";"VOLTAS";"VOLTAS.ns"
"Welspun_Corp_Ltd";"Capital Goods";"WELCORP";"WELCORP.ns"
"Welspun_Living_Ltd";"Textiles";"WELSPUNLIV";"WELSPUNLIV.ns"
"Westlife_Foodworld_Ltd";"Consumer Services";"WESTLIFE";"WESTLIFE.ns"
"Whirlpool_of_India_Ltd";"Consumer Durables";"WHIRLPOOL";"WHIRLPOOL.ns"
"Wipro_Ltd";"Information Technology";"WIPRO";"WIPRO.ns"
"Yes_Bank_Ltd";"Financial Services";"YESBANK";"YESBANK.ns"
"ZF_Commercial_Vehicle_Control_Systems_India_Ltd";"Automobile and Auto Components";"ZFCVINDIA";"ZFCVINDIA.ns"
"Zee_Entertainment_Enterprises_Ltd";"Media Entertainment & Publication";"ZEEL";"ZEEL.ns"
"Zensar_Technolgies_Ltd";"Information Technology";"ZENSARTECH";"ZENSARTECH.ns"
"Zomato_Ltd";"Consumer Services";"ZOMATO";"ZOMATO.ns"
"Zydus_Lifesciences_Ltd";"Healthcare";"ZYDUSLIFE";"ZYDUSLIFE.ns"
"eClerx_Services_Ltd";"Services";"ECLERX";"ECLERX.ns"
